{
    "T_h[k]":814.3,
    "T_k[k]":322.8,
    "P_avg[Bar]": 71,
    "Porosity[%]": 75.9,
    "m_d[kg]":0.426,
    "m_p[kg]":6.2,
    "d_p[cm]":5.718,
    "d_d[cm]":5.67,
    "d_r[cm]":1.663,
    "d_h[cm]":0.2362,
    "d_w[cm]":0.00889,
    "L_k[cm]":7.92,
    "L_h[cm]":18.34,
    "L_r[cm]":6.44,
    "A_h[cm2]":1.4898,
    "A_r[cm2]":8.745,
    "C_c[cm]":1.83,
    "C_e[cm]":1.861,
    "V_B[cm3]":2615,
    "V_D[cm3]":37.97,
    "V_r[cm3]":56.37,
    "A_W_k[cm2]":115.2,
    "X_p[cm]":1.145,
    "X_d[cm]":1.233,
    "F_L[Ns/m]":580,
    "Phi[degrees]":-42.5,
    "omega[rad/s]":188.4955,
    "WorkingGas": "He",
    "nuT_h": 0.000671,
    "nuT_k": 0.000122,
    "nuT_r": 0.000210,
    "RhoT_h":0.000004484,
    "RhoT_k":0.000007565,
    "RhoT_r":0.000002988
}